fixture_id,fixture_opta_id,gameweek,team_h_id,team_h_opta_id,team_h_name,team_h_short_name,team_a_id,team_a_opta_id,team_a_name,team_a_short_name,team_h_score,team_a_score,kickoff_time,finished,started,team_h_difficulty,team_a_difficulty
1,2672467,1,16,9619,Abha,ABH,15,6846,Al Hazem,HAZ,1,2,2026-08-13T16:15:00Z,True,True,,
3,2672468,1,10,6774,Al Shabab,SHB,12,6775,Al Qadsiah,QAD,1,3,2026-08-13T18:00:00Z,True,True,,
2,2672469,1,18,9621,Diriyah Club,DIR,1,6770,Al Ahli,AHL,0,1,2026-08-13T18:00:00Z,True,True,,
6,2672470,1,14,15209,NEOM SC,NEO,3,10483,Al Fayha,FYH,2,1,2026-08-14T16:50:00Z,True,True,,
4,2672471,1,5,5680,Al Ettifaq,ETT,9,9622,Al Riyadh,RIY,4,2,2026-08-14T18:00:00Z,True,True,,
5,2672472,1,4,1317,Al Hilal,HIL,17,6777,Al Faisaly,FSL,4,2,2026-08-14T18:00:00Z,True,True,,
9,2672473,1,11,6778,Al Taawoun,TWN,7,1364,Al Khaleej,KLJ,0,0,2026-08-15T16:15:00Z,True,True,,
7,2672474,1,6,1316,Al Ittihad,ITT,13,15213,Al Kholood,KLD,1,1,2026-08-15T18:00:00Z,True,True,,
8,2672475,1,8,6780,Al Nassr,NAS,2,6772,Al Fateh,FAT,3,0,2026-08-15T18:00:00Z,True,True,,
10,2672476,2,3,10483,Al Fayha,FYH,4,1317,Al Hilal,HIL,0,3,2026-08-20T18:00:00Z,True,True,,
14,2672477,2,9,9622,Al Riyadh,RIY,8,6780,Al Nassr,NAS,0,4,2026-08-21T16:00:00Z,True,True,,
12,2672478,2,15,6846,Al Hazem,HAZ,18,9621,Diriyah Club,DIR,0,1,2026-08-21T16:15:00Z,True,True,,
11,2672479,2,17,6777,Al Faisaly,FSL,14,15209,NEOM SC,NEO,0,2,2026-08-21T18:00:00Z,True,True,,
13,2672480,2,12,6775,Al Qadsiah,QAD,6,1316,Al Ittihad,ITT,0,1,2026-08-21T18:00:00Z,True,True,,
16,2672481,2,2,6772,Al Fateh,FAT,5,5680,Al Ettifaq,ETT,0,1,2026-08-22T15:45:00Z,True,True,,
18,2672482,2,13,15213,Al Kholood,KLD,11,6778,Al Taawoun,TWN,3,2,2026-08-22T16:10:00Z,True,True,,
15,2672484,2,1,6770,Al Ahli,AHL,16,9619,Abha,ABH,4,0,2026-08-22T18:00:00Z,True,True,,
17,2672483,2,7,1364,Al Khaleej,KLJ,10,6774,Al Shabab,SHB,0,0,2026-08-22T18:00:00Z,True,True,,
20,2672485,3,14,15209,NEOM SC,NEO,12,6775,Al Qadsiah,QAD,0,2,2026-08-24T16:40:00Z,True,True,,
19,2672486,3,6,1316,Al Ittihad,ITT,15,6846,Al Hazem,HAZ,3,2,2026-08-24T18:00:00Z,True,True,,
21,2672487,3,16,9619,Abha,ABH,7,1364,Al Khaleej,KLJ,1,1,2026-08-25T16:05:00Z,True,True,,
24,2672488,3,11,6778,Al Taawoun,TWN,3,10483,Al Fayha,FYH,0,0,2026-08-25T16:10:00Z,True,True,,
22,2672489,3,5,5680,Al Ettifaq,ETT,8,6780,Al Nassr,NAS,2,3,2026-08-25T18:00:00Z,True,True,,
23,2672490,3,10,6774,Al Shabab,SHB,9,9622,Al Riyadh,RIY,3,3,2026-08-25T18:00:00Z,True,True,,
26,2672491,3,17,6777,Al Faisaly,FSL,2,6772,Al Fateh,FAT,1,1,2026-08-26T16:00:00Z,True,True,,
25,2672492,3,18,9621,Diriyah Club,DIR,13,15213,Al Kholood,KLD,1,1,2026-08-26T18:00:00Z,True,True,,
30,2672494,4,9,9622,Al Riyadh,RIY,14,15209,NEOM SC,NEO,1,0,2026-08-28T15:50:00Z,True,True,,
27,2672495,4,3,10483,Al Fayha,FYH,16,9619,Abha,ABH,3,2,2026-08-28T16:00:00Z,True,True,,
28,2672496,4,7,1364,Al Khaleej,KLJ,4,1317,Al Hilal,HIL,1,5,2026-08-28T18:00:00Z,True,True,,
29,2672497,4,8,6780,Al Nassr,NAS,11,6778,Al Taawoun,TWN,2,1,2026-08-28T18:00:00Z,True,True,,
33,2672498,4,13,15213,Al Kholood,KLD,1,6770,Al Ahli,AHL,3,1,2026-08-29T16:05:00Z,True,True,,
31,2672499,4,5,5680,Al Ettifaq,ETT,18,9621,Diriyah Club,DIR,0,3,2026-08-29T18:00:00Z,True,True,,
32,2672500,4,2,6772,Al Fateh,FAT,6,1316,Al Ittihad,ITT,0,0,2026-08-29T18:00:00Z,True,True,,
34,2672501,4,15,6846,Al Hazem,HAZ,10,6774,Al Shabab,SHB,1,1,2026-08-30T16:05:00Z,True,True,,
35,2672502,4,12,6775,Al Qadsiah,QAD,17,6777,Al Faisaly,FSL,3,1,2026-08-30T18:00:00Z,True,True,,
36,2672493,4,4,1317,Al Hilal,HIL,1,6770,Al Ahli,AHL,3,0,2026-09-01T18:00:00Z,True,True,,
38,2672503,5,3,10483,Al Fayha,FYH,13,15213,Al Kholood,KLD,2,2,2026-09-03T15:55:00Z,False,True,,
39,2672504,5,14,15209,NEOM SC,NEO,7,1364,Al Khaleej,KLJ,3,0,2026-09-03T16:30:00Z,False,True,,
37,2672505,5,18,9621,Diriyah Club,DIR,12,6775,Al Qadsiah,QAD,0,2,2026-09-03T18:00:00Z,False,True,,
40,2672506,5,16,9619,Abha,ABH,5,5680,Al Ettifaq,ETT,0,1,2026-09-04T16:00:00Z,False,True,,
41,2672508,5,1,6770,Al Ahli,AHL,9,9622,Al Riyadh,RIY,5,0,2026-09-04T18:00:00Z,False,True,,
42,2672507,5,10,6774,Al Shabab,SHB,4,1317,Al Hilal,HIL,0,2,2026-09-04T18:00:00Z,False,True,,
43,2672509,5,17,6777,Al Faisaly,FSL,15,6846,Al Hazem,HAZ,,,2026-09-05T15:50:00Z,False,False,,
45,2672510,5,11,6778,Al Taawoun,TWN,2,6772,Al Fateh,FAT,,,2026-09-05T15:55:00Z,False,False,,
44,2672511,5,6,1316,Al Ittihad,ITT,8,6780,Al Nassr,NAS,,,2026-09-05T18:00:00Z,False,False,,
47,2672512,6,7,1364,Al Khaleej,KLJ,9,9622,Al Riyadh,RIY,,,2026-09-07T15:30:00Z,False,False,,
46,2672513,6,4,1317,Al Hilal,HIL,14,15209,NEOM SC,NEO,,,2026-09-07T18:00:00Z,False,False,,
48,2672514,6,5,5680,Al Ettifaq,ETT,17,6777,Al Faisaly,FSL,,,2026-09-08T15:30:00Z,False,False,,
49,2672515,6,15,6846,Al Hazem,HAZ,11,6778,Al Taawoun,TWN,,,2026-09-08T15:55:00Z,False,False,,
50,2672517,6,6,1316,Al Ittihad,ITT,3,10483,Al Fayha,FYH,,,2026-09-08T18:00:00Z,False,False,,
51,2672516,6,12,6775,Al Qadsiah,QAD,1,6770,Al Ahli,AHL,,,2026-09-08T18:00:00Z,False,False,,
53,2672518,6,13,15213,Al Kholood,KLD,10,6774,Al Shabab,SHB,,,2026-09-09T15:55:00Z,False,False,,
52,2672519,6,2,6772,Al Fateh,FAT,18,9621,Diriyah Club,DIR,,,2026-09-09T18:00:00Z,False,False,,
54,2672520,6,8,6780,Al Nassr,NAS,16,9619,Abha,ABH,,,2026-09-09T18:00:00Z,False,False,,
59,2672685,7,12,6775,Al Qadsiah,QAD,5,5680,Al Ettifaq,ETT,,,2026-09-11T15:25:00Z,False,False,,
57,2672684,7,17,6777,Al Faisaly,FSL,6,1316,Al Ittihad,ITT,,,2026-09-11T15:45:00Z,False,False,,
55,2672682,7,1,6770,Al Ahli,AHL,15,6846,Al Hazem,HAZ,,,2026-09-11T18:00:00Z,False,False,,
62,2672688,7,11,6778,Al Taawoun,TWN,4,1317,Al Hilal,HIL,,,2026-09-12T15:50:00Z,False,False,,
58,2672683,7,7,1364,Al Khaleej,KLJ,8,6780,Al Nassr,NAS,,,2026-09-12T18:00:00Z,False,False,,
61,2672687,7,10,6774,Al Shabab,SHB,3,10483,Al Fayha,FYH,,,2026-09-12T18:00:00Z,False,False,,
63,2672690,7,14,15209,NEOM SC,NEO,2,6772,Al Fateh,FAT,,,2026-09-13T16:20:00Z,False,False,,
60,2672686,7,9,9622,Al Riyadh,RIY,13,15213,Al Kholood,KLD,,,2026-09-13T18:00:00Z,False,False,,
56,2672689,7,18,9621,Diriyah Club,DIR,16,9619,Abha,ABH,,,2026-09-13T18:00:00Z,False,False,,
70,2672697,8,13,15213,Al Kholood,KLD,12,6775,Al Qadsiah,QAD,,,2026-10-09T13:50:00Z,False,False,,
66,2672693,8,2,6772,Al Fateh,FAT,1,6770,Al Ahli,AHL,,,2026-10-09T14:55:00Z,False,False,,
71,2672698,8,8,6780,Al Nassr,NAS,18,9621,Diriyah Club,DIR,,,2026-10-09T18:00:00Z,False,False,,
68,2672695,8,15,6846,Al Hazem,HAZ,14,15209,NEOM SC,NEO,,,2026-10-10T13:50:00Z,False,False,,
65,2672692,8,5,5680,Al Ettifaq,ETT,7,1364,Al Khaleej,KLJ,,,2026-10-10T14:55:00Z,False,False,,
69,2672696,8,4,1317,Al Hilal,HIL,6,1316,Al Ittihad,ITT,,,2026-10-10T18:00:00Z,False,False,,
67,2672694,8,3,10483,Al Fayha,FYH,9,9622,Al Riyadh,RIY,,,2026-10-11T13:40:00Z,False,False,,
64,2672691,8,16,9619,Abha,ABH,17,6777,Al Faisaly,FSL,,,2026-10-11T15:25:00Z,False,False,,
72,2672699,8,10,6774,Al Shabab,SHB,11,6778,Al Taawoun,TWN,,,2026-10-11T18:00:00Z,False,False,,
75,2672704,9,17,6777,Al Faisaly,FSL,13,15213,Al Kholood,KLD,,,2026-10-15T13:40:00Z,False,False,,
78,2672703,9,7,1364,Al Khaleej,KLJ,3,10483,Al Fayha,FYH,,,2026-10-15T14:50:00Z,False,False,,
76,2672701,9,15,6846,Al Hazem,HAZ,2,6772,Al Fateh,FAT,,,2026-10-15T15:15:00Z,False,False,,
73,2672700,9,1,6770,Al Ahli,AHL,8,6780,Al Nassr,NAS,,,2026-10-15T18:00:00Z,False,False,,
79,2672705,9,12,6775,Al Qadsiah,QAD,16,9619,Abha,ABH,,,2026-10-16T13:15:00Z,False,False,,
80,2672706,9,9,9622,Al Riyadh,RIY,4,1317,Al Hilal,HIL,,,2026-10-16T15:00:00Z,False,False,,
77,2672702,9,6,1316,Al Ittihad,ITT,10,6774,Al Shabab,SHB,,,2026-10-16T18:00:00Z,False,False,,
81,2672708,9,14,15209,NEOM SC,NEO,5,5680,Al Ettifaq,ETT,,,2026-10-17T15:40:00Z,False,False,,
74,2672707,9,18,9621,Diriyah Club,DIR,11,6778,Al Taawoun,TWN,,,2026-10-17T18:00:00Z,False,False,,
85,2672711,10,2,6772,Al Fateh,FAT,7,1364,Al Khaleej,KLJ,,,2026-10-18T18:00:00Z,False,False,,
86,2672712,10,3,10483,Al Fayha,FYH,1,6770,Al Ahli,AHL,,,2026-10-19T15:05:00Z,False,False,,
82,2672709,10,16,9619,Abha,ABH,13,15213,Al Kholood,KLD,,,2026-10-19T15:20:00Z,False,False,,
87,2672713,10,4,1317,Al Hilal,HIL,15,6846,Al Hazem,HAZ,,,2026-10-19T18:00:00Z,False,False,,
89,2672715,10,10,6774,Al Shabab,SHB,17,6777,Al Faisaly,FSL,,,2026-10-19T18:00:00Z,False,False,,
83,2672717,10,18,9621,Diriyah Club,DIR,9,9622,Al Riyadh,RIY,,,2026-10-20T15:00:00Z,False,False,,
90,2672716,10,11,6778,Al Taawoun,TWN,12,6775,Al Qadsiah,QAD,,,2026-10-20T15:10:00Z,False,False,,
84,2672710,10,5,5680,Al Ettifaq,ETT,6,1316,Al Ittihad,ITT,,,2026-10-20T18:00:00Z,False,False,,
88,2672714,10,8,6780,Al Nassr,NAS,14,15209,NEOM SC,NEO,,,2026-10-20T18:00:00Z,False,False,,
94,2672720,11,15,6846,Al Hazem,HAZ,3,10483,Al Fayha,FYH,,,2026-10-22T13:40:00Z,False,False,,
93,2672719,11,2,6772,Al Fateh,FAT,10,6774,Al Shabab,SHB,,,2026-10-22T14:45:00Z,False,False,,
91,2672718,11,1,6770,Al Ahli,AHL,7,1364,Al Khaleej,KLJ,,,2026-10-22T18:00:00Z,False,False,,
92,2672723,11,17,6777,Al Faisaly,FSL,8,6780,Al Nassr,NAS,,,2026-10-23T13:30:00Z,False,False,,
95,2672721,11,6,1316,Al Ittihad,ITT,18,9621,Diriyah Club,DIR,,,2026-10-23T15:30:00Z,False,False,,
97,2672724,11,12,6775,Al Qadsiah,QAD,4,1317,Al Hilal,HIL,,,2026-10-23T18:00:00Z,False,False,,
99,2672726,11,14,15209,NEOM SC,NEO,16,9619,Abha,ABH,,,2026-10-24T14:00:00Z,False,False,,
96,2672722,11,13,15213,Al Kholood,KLD,5,5680,Al Ettifaq,ETT,,,2026-10-24T15:05:00Z,False,False,,
98,2672725,11,9,9622,Al Riyadh,RIY,11,6778,Al Taawoun,TWN,,,2026-10-24T18:00:00Z,False,False,,
104,2672730,12,7,1364,Al Khaleej,KLJ,15,6846,Al Hazem,HAZ,,,2026-10-29T14:35:00Z,False,False,,
105,2672731,12,8,6780,Al Nassr,NAS,13,15213,Al Kholood,KLD,,,2026-10-29T18:00:00Z,False,False,,
106,2672732,12,9,9622,Al Riyadh,RIY,12,6775,Al Qadsiah,QAD,,,2026-10-29T18:00:00Z,False,False,,
100,2672727,12,16,9619,Abha,ABH,6,1316,Al Ittihad,ITT,,,2026-10-30T13:45:00Z,False,False,,
101,2672735,12,18,9621,Diriyah Club,DIR,14,15209,NEOM SC,NEO,,,2026-10-30T14:50:00Z,False,False,,
107,2672733,12,10,6774,Al Shabab,SHB,1,6770,Al Ahli,AHL,,,2026-10-30T18:00:00Z,False,False,,
108,2672734,12,11,6778,Al Taawoun,TWN,5,5680,Al Ettifaq,ETT,,,2026-10-31T13:30:00Z,False,False,,
102,2672728,12,3,10483,Al Fayha,FYH,17,6777,Al Faisaly,FSL,,,2026-10-31T14:55:00Z,False,False,,
103,2672729,12,4,1317,Al Hilal,HIL,2,6772,Al Fateh,FAT,,,2026-10-31T18:00:00Z,False,False,,
109,2672737,13,16,9619,Abha,ABH,10,6774,Al Shabab,SHB,,,2026-11-05T00:00:00Z,False,False,,
110,2672736,13,1,6770,Al Ahli,AHL,11,6778,Al Taawoun,TWN,,,2026-11-05T00:00:00Z,False,False,,
111,2672738,13,5,5680,Al Ettifaq,ETT,4,1317,Al Hilal,HIL,,,2026-11-05T00:00:00Z,False,False,,
112,2672743,13,17,6777,Al Faisaly,FSL,18,9621,Diriyah Club,DIR,,,2026-11-05T00:00:00Z,False,False,,
113,2672739,13,2,6772,Al Fateh,FAT,9,9622,Al Riyadh,RIY,,,2026-11-05T00:00:00Z,False,False,,
114,2672740,13,15,6846,Al Hazem,HAZ,8,6780,Al Nassr,NAS,,,2026-11-05T00:00:00Z,False,False,,
115,2672741,13,6,1316,Al Ittihad,ITT,14,15209,NEOM SC,NEO,,,2026-11-05T00:00:00Z,False,False,,
116,2672742,13,13,15213,Al Kholood,KLD,7,1364,Al Khaleej,KLJ,,,2026-11-05T00:00:00Z,False,False,,
117,2672744,13,12,6775,Al Qadsiah,QAD,3,10483,Al Fayha,FYH,,,2026-11-05T00:00:00Z,False,False,,
118,2672745,14,1,6770,Al Ahli,AHL,17,6777,Al Faisaly,FSL,,,2026-11-20T00:00:00Z,False,False,,
119,2672746,14,3,10483,Al Fayha,FYH,2,6772,Al Fateh,FAT,,,2026-11-20T00:00:00Z,False,False,,
120,2672747,14,4,1317,Al Hilal,HIL,18,9621,Diriyah Club,DIR,,,2026-11-20T00:00:00Z,False,False,,
121,2672748,14,7,1364,Al Khaleej,KLJ,6,1316,Al Ittihad,ITT,,,2026-11-20T00:00:00Z,False,False,,
122,2672749,14,8,6780,Al Nassr,NAS,12,6775,Al Qadsiah,QAD,,,2026-11-20T00:00:00Z,False,False,,
123,2672750,14,9,9622,Al Riyadh,RIY,15,6846,Al Hazem,HAZ,,,2026-11-20T00:00:00Z,False,False,,
124,2672751,14,10,6774,Al Shabab,SHB,5,5680,Al Ettifaq,ETT,,,2026-11-20T00:00:00Z,False,False,,
125,2672752,14,11,6778,Al Taawoun,TWN,16,9619,Abha,ABH,,,2026-11-20T00:00:00Z,False,False,,
126,2672753,14,14,15209,NEOM SC,NEO,13,15213,Al Kholood,KLD,,,2026-11-20T00:00:00Z,False,False,,
127,2672754,15,16,9619,Abha,ABH,9,9622,Al Riyadh,RIY,,,2026-11-26T00:00:00Z,False,False,,
129,2672755,15,5,5680,Al Ettifaq,ETT,15,6846,Al Hazem,HAZ,,,2026-11-26T00:00:00Z,False,False,,
130,2672758,15,17,6777,Al Faisaly,FSL,7,1364,Al Khaleej,KLJ,,,2026-11-26T00:00:00Z,False,False,,
131,2672756,15,6,1316,Al Ittihad,ITT,1,6770,Al Ahli,AHL,,,2026-11-26T00:00:00Z,False,False,,
132,2672757,15,13,15213,Al Kholood,KLD,4,1317,Al Hilal,HIL,,,2026-11-26T00:00:00Z,False,False,,
133,2672759,15,8,6780,Al Nassr,NAS,10,6774,Al Shabab,SHB,,,2026-11-26T00:00:00Z,False,False,,
134,2672760,15,12,6775,Al Qadsiah,QAD,2,6772,Al Fateh,FAT,,,2026-11-26T00:00:00Z,False,False,,
128,2672761,15,18,9621,Diriyah Club,DIR,3,10483,Al Fayha,FYH,,,2026-11-26T00:00:00Z,False,False,,
135,2672762,15,14,15209,NEOM SC,NEO,11,6778,Al Taawoun,TWN,,,2026-11-26T00:00:00Z,False,False,,
136,2672763,16,1,6770,Al Ahli,AHL,5,5680,Al Ettifaq,ETT,,,2026-12-03T00:00:00Z,False,False,,
137,2672764,16,2,6772,Al Fateh,FAT,13,15213,Al Kholood,KLD,,,2026-12-03T00:00:00Z,False,False,,
138,2672765,16,3,10483,Al Fayha,FYH,8,6780,Al Nassr,NAS,,,2026-12-03T00:00:00Z,False,False,,
139,2672766,16,15,6846,Al Hazem,HAZ,12,6775,Al Qadsiah,QAD,,,2026-12-03T00:00:00Z,False,False,,
140,2672767,16,4,1317,Al Hilal,HIL,16,9619,Abha,ABH,,,2026-12-03T00:00:00Z,False,False,,
141,2672768,16,7,1364,Al Khaleej,KLJ,18,9621,Diriyah Club,DIR,,,2026-12-03T00:00:00Z,False,False,,
142,2672769,16,9,9622,Al Riyadh,RIY,6,1316,Al Ittihad,ITT,,,2026-12-03T00:00:00Z,False,False,,
143,2672770,16,10,6774,Al Shabab,SHB,14,15209,NEOM SC,NEO,,,2026-12-03T00:00:00Z,False,False,,
144,2672771,16,11,6778,Al Taawoun,TWN,17,6777,Al Faisaly,FSL,,,2026-12-03T00:00:00Z,False,False,,
145,2672772,17,16,9619,Abha,ABH,2,6772,Al Fateh,FAT,,,2026-12-10T00:00:00Z,False,False,,
147,2672773,17,5,5680,Al Ettifaq,ETT,3,10483,Al Fayha,FYH,,,2026-12-10T00:00:00Z,False,False,,
148,2672776,17,17,6777,Al Faisaly,FSL,9,9622,Al Riyadh,RIY,,,2026-12-10T00:00:00Z,False,False,,
149,2672774,17,6,1316,Al Ittihad,ITT,11,6778,Al Taawoun,TWN,,,2026-12-10T00:00:00Z,False,False,,
150,2672775,17,13,15213,Al Kholood,KLD,15,6846,Al Hazem,HAZ,,,2026-12-10T00:00:00Z,False,False,,
151,2672777,17,8,6780,Al Nassr,NAS,4,1317,Al Hilal,HIL,,,2026-12-10T00:00:00Z,False,False,,
152,2672778,17,12,6775,Al Qadsiah,QAD,7,1364,Al Khaleej,KLJ,,,2026-12-10T00:00:00Z,False,False,,
146,2672779,17,18,9621,Diriyah Club,DIR,10,6774,Al Shabab,SHB,,,2026-12-10T00:00:00Z,False,False,,
153,2672780,17,14,15209,NEOM SC,NEO,1,6770,Al Ahli,AHL,,,2026-12-10T00:00:00Z,False,False,,
154,2672781,18,1,6770,Al Ahli,AHL,18,9621,Diriyah Club,DIR,,,2026-12-14T00:00:00Z,False,False,,
155,2672787,18,17,6777,Al Faisaly,FSL,4,1317,Al Hilal,HIL,,,2026-12-14T00:00:00Z,False,False,,
156,2672782,18,2,6772,Al Fateh,FAT,8,6780,Al Nassr,NAS,,,2026-12-14T00:00:00Z,False,False,,
157,2672783,18,3,10483,Al Fayha,FYH,14,15209,NEOM SC,NEO,,,2026-12-14T00:00:00Z,False,False,,
158,2672784,18,15,6846,Al Hazem,HAZ,16,9619,Abha,ABH,,,2026-12-14T00:00:00Z,False,False,,
159,2672785,18,7,1364,Al Khaleej,KLJ,11,6778,Al Taawoun,TWN,,,2026-12-14T00:00:00Z,False,False,,
160,2672786,18,13,15213,Al Kholood,KLD,6,1316,Al Ittihad,ITT,,,2026-12-14T00:00:00Z,False,False,,
161,2672788,18,12,6775,Al Qadsiah,QAD,10,6774,Al Shabab,SHB,,,2026-12-14T00:00:00Z,False,False,,
162,2672789,18,9,9622,Al Riyadh,RIY,5,5680,Al Ettifaq,ETT,,,2026-12-14T00:00:00Z,False,False,,
163,2672790,19,16,9619,Abha,ABH,1,6770,Al Ahli,AHL,,,2027-02-11T00:00:00Z,False,False,,
165,2672791,19,5,5680,Al Ettifaq,ETT,2,6772,Al Fateh,FAT,,,2027-02-11T00:00:00Z,False,False,,
166,2672792,19,4,1317,Al Hilal,HIL,3,10483,Al Fayha,FYH,,,2027-02-11T00:00:00Z,False,False,,
167,2672793,19,6,1316,Al Ittihad,ITT,12,6775,Al Qadsiah,QAD,,,2027-02-11T00:00:00Z,False,False,,
168,2672794,19,8,6780,Al Nassr,NAS,9,9622,Al Riyadh,RIY,,,2027-02-11T00:00:00Z,False,False,,
169,2672795,19,10,6774,Al Shabab,SHB,7,1364,Al Khaleej,KLJ,,,2027-02-11T00:00:00Z,False,False,,
170,2672796,19,11,6778,Al Taawoun,TWN,13,15213,Al Kholood,KLD,,,2027-02-11T00:00:00Z,False,False,,
164,2672797,19,18,9621,Diriyah Club,DIR,15,6846,Al Hazem,HAZ,,,2027-02-11T00:00:00Z,False,False,,
171,2672798,19,14,15209,NEOM SC,NEO,17,6777,Al Faisaly,FSL,,,2027-02-11T00:00:00Z,False,False,,
172,2672799,20,1,6770,Al Ahli,AHL,4,1317,Al Hilal,HIL,,,2027-02-18T00:00:00Z,False,False,,
173,2672800,20,2,6772,Al Fateh,FAT,17,6777,Al Faisaly,FSL,,,2027-02-18T00:00:00Z,False,False,,
174,2672801,20,3,10483,Al Fayha,FYH,11,6778,Al Taawoun,TWN,,,2027-02-18T00:00:00Z,False,False,,
175,2672802,20,15,6846,Al Hazem,HAZ,6,1316,Al Ittihad,ITT,,,2027-02-18T00:00:00Z,False,False,,
176,2672803,20,7,1364,Al Khaleej,KLJ,16,9619,Abha,ABH,,,2027-02-18T00:00:00Z,False,False,,
177,2672804,20,13,15213,Al Kholood,KLD,18,9621,Diriyah Club,DIR,,,2027-02-18T00:00:00Z,False,False,,
178,2672805,20,8,6780,Al Nassr,NAS,5,5680,Al Ettifaq,ETT,,,2027-02-18T00:00:00Z,False,False,,
179,2672806,20,12,6775,Al Qadsiah,QAD,14,15209,NEOM SC,NEO,,,2027-02-18T00:00:00Z,False,False,,
180,2672807,20,9,9622,Al Riyadh,RIY,10,6774,Al Shabab,SHB,,,2027-02-18T00:00:00Z,False,False,,
181,2672809,21,16,9619,Abha,ABH,3,10483,Al Fayha,FYH,,,2027-02-25T00:00:00Z,False,False,,
182,2672808,21,1,6770,Al Ahli,AHL,13,15213,Al Kholood,KLD,,,2027-02-25T00:00:00Z,False,False,,
184,2672812,21,17,6777,Al Faisaly,FSL,12,6775,Al Qadsiah,QAD,,,2027-02-25T00:00:00Z,False,False,,
185,2672810,21,4,1317,Al Hilal,HIL,7,1364,Al Khaleej,KLJ,,,2027-02-25T00:00:00Z,False,False,,
186,2672811,21,6,1316,Al Ittihad,ITT,2,6772,Al Fateh,FAT,,,2027-02-25T00:00:00Z,False,False,,
187,2672813,21,10,6774,Al Shabab,SHB,15,6846,Al Hazem,HAZ,,,2027-02-25T00:00:00Z,False,False,,
188,2672814,21,11,6778,Al Taawoun,TWN,8,6780,Al Nassr,NAS,,,2027-02-25T00:00:00Z,False,False,,
183,2672815,21,18,9621,Diriyah Club,DIR,5,5680,Al Ettifaq,ETT,,,2027-02-25T00:00:00Z,False,False,,
189,2672816,21,14,15209,NEOM SC,NEO,9,9622,Al Riyadh,RIY,,,2027-02-25T00:00:00Z,False,False,,
190,2672817,22,5,5680,Al Ettifaq,ETT,16,9619,Abha,ABH,,,2027-03-11T00:00:00Z,False,False,,
191,2672818,22,2,6772,Al Fateh,FAT,11,6778,Al Taawoun,TWN,,,2027-03-11T00:00:00Z,False,False,,
192,2672819,22,15,6846,Al Hazem,HAZ,17,6777,Al Faisaly,FSL,,,2027-03-11T00:00:00Z,False,False,,
193,2672820,22,4,1317,Al Hilal,HIL,10,6774,Al Shabab,SHB,,,2027-03-11T00:00:00Z,False,False,,
194,2672821,22,7,1364,Al Khaleej,KLJ,14,15209,NEOM SC,NEO,,,2027-03-11T00:00:00Z,False,False,,
195,2672822,22,13,15213,Al Kholood,KLD,3,10483,Al Fayha,FYH,,,2027-03-11T00:00:00Z,False,False,,
196,2672823,22,8,6780,Al Nassr,NAS,6,1316,Al Ittihad,ITT,,,2027-03-11T00:00:00Z,False,False,,
197,2672824,22,12,6775,Al Qadsiah,QAD,18,9621,Diriyah Club,DIR,,,2027-03-11T00:00:00Z,False,False,,
198,2672825,22,9,9622,Al Riyadh,RIY,1,6770,Al Ahli,AHL,,,2027-03-11T00:00:00Z,False,False,,
199,2672827,23,16,9619,Abha,ABH,8,6780,Al Nassr,NAS,,,2027-03-18T00:00:00Z,False,False,,
200,2672826,23,1,6770,Al Ahli,AHL,12,6775,Al Qadsiah,QAD,,,2027-03-18T00:00:00Z,False,False,,
202,2672829,23,17,6777,Al Faisaly,FSL,5,5680,Al Ettifaq,ETT,,,2027-03-18T00:00:00Z,False,False,,
203,2672828,23,3,10483,Al Fayha,FYH,6,1316,Al Ittihad,ITT,,,2027-03-18T00:00:00Z,False,False,,
204,2672830,23,9,9622,Al Riyadh,RIY,7,1364,Al Khaleej,KLJ,,,2027-03-18T00:00:00Z,False,False,,
205,2672831,23,10,6774,Al Shabab,SHB,13,15213,Al Kholood,KLD,,,2027-03-18T00:00:00Z,False,False,,
206,2672832,23,11,6778,Al Taawoun,TWN,15,6846,Al Hazem,HAZ,,,2027-03-18T00:00:00Z,False,False,,
201,2672833,23,18,9621,Diriyah Club,DIR,2,6772,Al Fateh,FAT,,,2027-03-18T00:00:00Z,False,False,,
207,2672834,23,14,15209,NEOM SC,NEO,4,1317,Al Hilal,HIL,,,2027-03-18T00:00:00Z,False,False,,
208,2672835,24,16,9619,Abha,ABH,18,9621,Diriyah Club,DIR,,,2027-04-01T23:00:00Z,False,False,,
209,2672836,24,5,5680,Al Ettifaq,ETT,12,6775,Al Qadsiah,QAD,,,2027-04-01T23:00:00Z,False,False,,
210,2672837,24,2,6772,Al Fateh,FAT,14,15209,NEOM SC,NEO,,,2027-04-01T23:00:00Z,False,False,,
211,2672838,24,3,10483,Al Fayha,FYH,10,6774,Al Shabab,SHB,,,2027-04-01T23:00:00Z,False,False,,
212,2672839,24,15,6846,Al Hazem,HAZ,1,6770,Al Ahli,AHL,,,2027-04-01T23:00:00Z,False,False,,
213,2672840,24,4,1317,Al Hilal,HIL,11,6778,Al Taawoun,TWN,,,2027-04-01T23:00:00Z,False,False,,
214,2672841,24,6,1316,Al Ittihad,ITT,17,6777,Al Faisaly,FSL,,,2027-04-01T23:00:00Z,False,False,,
215,2672842,24,13,15213,Al Kholood,KLD,9,9622,Al Riyadh,RIY,,,2027-04-01T23:00:00Z,False,False,,
216,2672843,24,8,6780,Al Nassr,NAS,7,1364,Al Khaleej,KLJ,,,2027-04-01T23:00:00Z,False,False,,
217,2672844,25,1,6770,Al Ahli,AHL,2,6772,Al Fateh,FAT,,,2027-04-07T23:00:00Z,False,False,,
219,2672847,25,17,6777,Al Faisaly,FSL,16,9619,Abha,ABH,,,2027-04-07T23:00:00Z,False,False,,
220,2672845,25,6,1316,Al Ittihad,ITT,4,1317,Al Hilal,HIL,,,2027-04-07T23:00:00Z,False,False,,
221,2672846,25,7,1364,Al Khaleej,KLJ,5,5680,Al Ettifaq,ETT,,,2027-04-07T23:00:00Z,False,False,,
222,2672848,25,12,6775,Al Qadsiah,QAD,13,15213,Al Kholood,KLD,,,2027-04-07T23:00:00Z,False,False,,
223,2672849,25,9,9622,Al Riyadh,RIY,3,10483,Al Fayha,FYH,,,2027-04-07T23:00:00Z,False,False,,
224,2672850,25,11,6778,Al Taawoun,TWN,10,6774,Al Shabab,SHB,,,2027-04-07T23:00:00Z,False,False,,
218,2672851,25,18,9621,Diriyah Club,DIR,8,6780,Al Nassr,NAS,,,2027-04-07T23:00:00Z,False,False,,
225,2672852,25,14,15209,NEOM SC,NEO,15,6846,Al Hazem,HAZ,,,2027-04-07T23:00:00Z,False,False,,
226,2672853,26,16,9619,Abha,ABH,12,6775,Al Qadsiah,QAD,,,2027-04-14T23:00:00Z,False,False,,
227,2672854,26,5,5680,Al Ettifaq,ETT,14,15209,NEOM SC,NEO,,,2027-04-14T23:00:00Z,False,False,,
228,2672855,26,2,6772,Al Fateh,FAT,15,6846,Al Hazem,HAZ,,,2027-04-14T23:00:00Z,False,False,,
229,2672856,26,3,10483,Al Fayha,FYH,7,1364,Al Khaleej,KLJ,,,2027-04-14T23:00:00Z,False,False,,
230,2672857,26,4,1317,Al Hilal,HIL,9,9622,Al Riyadh,RIY,,,2027-04-14T23:00:00Z,False,False,,
231,2672858,26,13,15213,Al Kholood,KLD,17,6777,Al Faisaly,FSL,,,2027-04-14T23:00:00Z,False,False,,
232,2672859,26,8,6780,Al Nassr,NAS,1,6770,Al Ahli,AHL,,,2027-04-14T23:00:00Z,False,False,,
233,2672860,26,10,6774,Al Shabab,SHB,6,1316,Al Ittihad,ITT,,,2027-04-14T23:00:00Z,False,False,,
234,2672861,26,11,6778,Al Taawoun,TWN,18,9621,Diriyah Club,DIR,,,2027-04-14T23:00:00Z,False,False,,
235,2672862,27,1,6770,Al Ahli,AHL,3,10483,Al Fayha,FYH,,,2027-04-17T23:00:00Z,False,False,,
236,2672867,27,17,6777,Al Faisaly,FSL,10,6774,Al Shabab,SHB,,,2027-04-17T23:00:00Z,False,False,,
237,2672863,27,15,6846,Al Hazem,HAZ,4,1317,Al Hilal,HIL,,,2027-04-17T23:00:00Z,False,False,,
238,2672864,27,6,1316,Al Ittihad,ITT,5,5680,Al Ettifaq,ETT,,,2027-04-17T23:00:00Z,False,False,,
239,2672865,27,7,1364,Al Khaleej,KLJ,2,6772,Al Fateh,FAT,,,2027-04-17T23:00:00Z,False,False,,
240,2672866,27,13,15213,Al Kholood,KLD,16,9619,Abha,ABH,,,2027-04-17T23:00:00Z,False,False,,
241,2672868,27,12,6775,Al Qadsiah,QAD,11,6778,Al Taawoun,TWN,,,2027-04-17T23:00:00Z,False,False,,
242,2672869,27,9,9622,Al Riyadh,RIY,18,9621,Diriyah Club,DIR,,,2027-04-17T23:00:00Z,False,False,,
243,2672870,27,14,15209,NEOM SC,NEO,8,6780,Al Nassr,NAS,,,2027-04-17T23:00:00Z,False,False,,
244,2672871,28,16,9619,Abha,ABH,14,15209,NEOM SC,NEO,,,2027-04-21T23:00:00Z,False,False,,
246,2672872,28,5,5680,Al Ettifaq,ETT,13,15213,Al Kholood,KLD,,,2027-04-21T23:00:00Z,False,False,,
247,2672873,28,3,10483,Al Fayha,FYH,15,6846,Al Hazem,HAZ,,,2027-04-21T23:00:00Z,False,False,,
248,2672874,28,4,1317,Al Hilal,HIL,12,6775,Al Qadsiah,QAD,,,2027-04-21T23:00:00Z,False,False,,
249,2672875,28,7,1364,Al Khaleej,KLJ,1,6770,Al Ahli,AHL,,,2027-04-21T23:00:00Z,False,False,,
250,2672876,28,8,6780,Al Nassr,NAS,17,6777,Al Faisaly,FSL,,,2027-04-21T23:00:00Z,False,False,,
251,2672877,28,10,6774,Al Shabab,SHB,2,6772,Al Fateh,FAT,,,2027-04-21T23:00:00Z,False,False,,
252,2672878,28,11,6778,Al Taawoun,TWN,9,9622,Al Riyadh,RIY,,,2027-04-21T23:00:00Z,False,False,,
245,2672879,28,18,9621,Diriyah Club,DIR,6,1316,Al Ittihad,ITT,,,2027-04-21T23:00:00Z,False,False,,
253,2672880,29,1,6770,Al Ahli,AHL,10,6774,Al Shabab,SHB,,,2027-04-28T23:00:00Z,False,False,,
254,2672881,29,5,5680,Al Ettifaq,ETT,11,6778,Al Taawoun,TWN,,,2027-04-28T23:00:00Z,False,False,,
255,2672886,29,17,6777,Al Faisaly,FSL,3,10483,Al Fayha,FYH,,,2027-04-28T23:00:00Z,False,False,,
256,2672882,29,2,6772,Al Fateh,FAT,4,1317,Al Hilal,HIL,,,2027-04-28T23:00:00Z,False,False,,
257,2672883,29,15,6846,Al Hazem,HAZ,7,1364,Al Khaleej,KLJ,,,2027-04-28T23:00:00Z,False,False,,
258,2672884,29,6,1316,Al Ittihad,ITT,16,9619,Abha,ABH,,,2027-04-28T23:00:00Z,False,False,,
259,2672885,29,13,15213,Al Kholood,KLD,8,6780,Al Nassr,NAS,,,2027-04-28T23:00:00Z,False,False,,
260,2672887,29,12,6775,Al Qadsiah,QAD,9,9622,Al Riyadh,RIY,,,2027-04-28T23:00:00Z,False,False,,
261,2672888,29,14,15209,NEOM SC,NEO,18,9621,Diriyah Club,DIR,,,2027-04-28T23:00:00Z,False,False,,
263,2672889,30,3,10483,Al Fayha,FYH,12,6775,Al Qadsiah,QAD,,,2027-05-05T23:00:00Z,False,False,,
264,2672890,30,4,1317,Al Hilal,HIL,5,5680,Al Ettifaq,ETT,,,2027-05-05T23:00:00Z,False,False,,
265,2672891,30,7,1364,Al Khaleej,KLJ,13,15213,Al Kholood,KLD,,,2027-05-05T23:00:00Z,False,False,,
266,2672892,30,8,6780,Al Nassr,NAS,15,6846,Al Hazem,HAZ,,,2027-05-05T23:00:00Z,False,False,,
267,2672893,30,9,9622,Al Riyadh,RIY,2,6772,Al Fateh,FAT,,,2027-05-05T23:00:00Z,False,False,,
268,2672894,30,10,6774,Al Shabab,SHB,16,9619,Abha,ABH,,,2027-05-05T23:00:00Z,False,False,,
269,2672895,30,11,6778,Al Taawoun,TWN,1,6770,Al Ahli,AHL,,,2027-05-05T23:00:00Z,False,False,,
262,2672896,30,18,9621,Diriyah Club,DIR,17,6777,Al Faisaly,FSL,,,2027-05-05T23:00:00Z,False,False,,
270,2672897,30,14,15209,NEOM SC,NEO,6,1316,Al Ittihad,ITT,,,2027-05-05T23:00:00Z,False,False,,
271,2672898,31,16,9619,Abha,ABH,11,6778,Al Taawoun,TWN,,,2027-05-11T23:00:00Z,False,False,,
273,2672899,31,5,5680,Al Ettifaq,ETT,10,6774,Al Shabab,SHB,,,2027-05-11T23:00:00Z,False,False,,
274,2672904,31,17,6777,Al Faisaly,FSL,1,6770,Al Ahli,AHL,,,2027-05-11T23:00:00Z,False,False,,
275,2672900,31,2,6772,Al Fateh,FAT,3,10483,Al Fayha,FYH,,,2027-05-11T23:00:00Z,False,False,,
276,2672901,31,15,6846,Al Hazem,HAZ,9,9622,Al Riyadh,RIY,,,2027-05-11T23:00:00Z,False,False,,
277,2672902,31,6,1316,Al Ittihad,ITT,7,1364,Al Khaleej,KLJ,,,2027-05-11T23:00:00Z,False,False,,
278,2672903,31,13,15213,Al Kholood,KLD,14,15209,NEOM SC,NEO,,,2027-05-11T23:00:00Z,False,False,,
279,2672905,31,12,6775,Al Qadsiah,QAD,8,6780,Al Nassr,NAS,,,2027-05-11T23:00:00Z,False,False,,
272,2672906,31,18,9621,Diriyah Club,DIR,4,1317,Al Hilal,HIL,,,2027-05-11T23:00:00Z,False,False,,
280,2672907,32,1,6770,Al Ahli,AHL,6,1316,Al Ittihad,ITT,,,2027-05-19T23:00:00Z,False,False,,
281,2672908,32,2,6772,Al Fateh,FAT,12,6775,Al Qadsiah,QAD,,,2027-05-19T23:00:00Z,False,False,,
282,2672909,32,3,10483,Al Fayha,FYH,18,9621,Diriyah Club,DIR,,,2027-05-19T23:00:00Z,False,False,,
283,2672910,32,15,6846,Al Hazem,HAZ,5,5680,Al Ettifaq,ETT,,,2027-05-19T23:00:00Z,False,False,,
284,2672911,32,4,1317,Al Hilal,HIL,13,15213,Al Kholood,KLD,,,2027-05-19T23:00:00Z,False,False,,
285,2672912,32,7,1364,Al Khaleej,KLJ,17,6777,Al Faisaly,FSL,,,2027-05-19T23:00:00Z,False,False,,
286,2672913,32,9,9622,Al Riyadh,RIY,16,9619,Abha,ABH,,,2027-05-19T23:00:00Z,False,False,,
287,2672914,32,10,6774,Al Shabab,SHB,8,6780,Al Nassr,NAS,,,2027-05-19T23:00:00Z,False,False,,
288,2672915,32,11,6778,Al Taawoun,TWN,14,15209,NEOM SC,NEO,,,2027-05-19T23:00:00Z,False,False,,
289,2672916,33,16,9619,Abha,ABH,4,1317,Al Hilal,HIL,,,2027-05-23T23:00:00Z,False,False,,
291,2672917,33,5,5680,Al Ettifaq,ETT,1,6770,Al Ahli,AHL,,,2027-05-23T23:00:00Z,False,False,,
292,2672920,33,17,6777,Al Faisaly,FSL,11,6778,Al Taawoun,TWN,,,2027-05-23T23:00:00Z,False,False,,
293,2672918,33,6,1316,Al Ittihad,ITT,9,9622,Al Riyadh,RIY,,,2027-05-23T23:00:00Z,False,False,,
294,2672919,33,13,15213,Al Kholood,KLD,2,6772,Al Fateh,FAT,,,2027-05-23T23:00:00Z,False,False,,
295,2672921,33,8,6780,Al Nassr,NAS,3,10483,Al Fayha,FYH,,,2027-05-23T23:00:00Z,False,False,,
296,2672922,33,12,6775,Al Qadsiah,QAD,15,6846,Al Hazem,HAZ,,,2027-05-23T23:00:00Z,False,False,,
290,2672923,33,18,9621,Diriyah Club,DIR,7,1364,Al Khaleej,KLJ,,,2027-05-23T23:00:00Z,False,False,,
297,2672924,33,14,15209,NEOM SC,NEO,10,6774,Al Shabab,SHB,,,2027-05-23T23:00:00Z,False,False,,
298,2672925,34,1,6770,Al Ahli,AHL,14,15209,NEOM SC,NEO,,,2027-05-27T23:00:00Z,False,False,,
299,2672926,34,2,6772,Al Fateh,FAT,16,9619,Abha,ABH,,,2027-05-27T23:00:00Z,False,False,,
300,2672927,34,3,10483,Al Fayha,FYH,5,5680,Al Ettifaq,ETT,,,2027-05-27T23:00:00Z,False,False,,
301,2672928,34,15,6846,Al Hazem,HAZ,13,15213,Al Kholood,KLD,,,2027-05-27T23:00:00Z,False,False,,
302,2672929,34,4,1317,Al Hilal,HIL,8,6780,Al Nassr,NAS,,,2027-05-27T23:00:00Z,False,False,,
303,2672930,34,7,1364,Al Khaleej,KLJ,12,6775,Al Qadsiah,QAD,,,2027-05-27T23:00:00Z,False,False,,
304,2672931,34,9,9622,Al Riyadh,RIY,17,6777,Al Faisaly,FSL,,,2027-05-27T23:00:00Z,False,False,,
305,2672932,34,10,6774,Al Shabab,SHB,18,9621,Diriyah Club,DIR,,,2027-05-27T23:00:00Z,False,False,,
306,2672933,34,11,6778,Al Taawoun,TWN,6,1316,Al Ittihad,ITT,,,2027-05-27T23:00:00Z,False,False,,
